sample_id,fundamental_matrix
googleurban;1cf87530;a5a9975574c94ff9a285f58c39b53d2c-0143f47ee9e54243a1b8454f3e91621a,-3.19518352e-07 1.00268380e-06 3.82173570e-04 -3.54133341e-06 6.84272349e-07 8.47727245e-03 1.50847623e-03 -8.48006170e-03 -2.80619828e-01
googleurban;6ceaefff;39563e58b2b7411da3f06427c9ee4239-0303b05ca0cb46959eac430e4b2472ca,-4.82566811e-07 -5.03936909e-06 1.53152792e-03 4.61587465e-06 5.54135168e-07 -3.66009575e-03 -2.27002930e-03 3.19615298e-03 1.00000000e+00
googleurban;d91db836;81dd07fb7b9a4e01996cee637f91ca1a-0006b1337a0347f49b4e651c035dfa0e,-1.09001377e-06 -5.50207027e-06 1.90303813e-03 6.36404894e-06 3.58747941e-07 -2.33019483e-03 -2.87047511e-03 2.27688813e-05 1.00000000e+00
